url,score
https://i.imgur.com/l45jLhY.jpg,2
https://v.redd.it/0dtmdw47e26a1,4
https://i.redd.it/8vfon9tmu36a1.jpg,9
https://i.redd.it/6af5ir3ss36a1.jpg,240
https://i.redd.it/dmvr2ms9s36a1.jpg,19
https://i.redd.it/gmy3qbe4p36a1.jpg,8
https://youtu.be/4CnmYZZP6GY,3
https://www.youtube.com/watch?v=RGjab76TJ3c,3
https://i.redd.it/8nmbl4eq426a1.jpg,41
https://i.redd.it/1vosj24mk36a1.jpg,3
https://v.redd.it/4lmuio9n226a1,0
https://www.youtube.com/watch?v=BBcarGrbqBA,0
https://v.redd.it/8ui5711wi36a1,5
https://v.redd.it/5zawfhxy026a1,96
https://i.redd.it/bqp57kxhi36a1.jpg,5
https://v.redd.it/a18u1mmar16a1,310
https://i.redd.it/6ov14pt5736a1.jpg,43
https://i.redd.it/0bxq177am16a1.png,19
https://i.redd.it/ltkfs017136a1.jpg,135
https://v.redd.it/56b97qn1d16a1,6
https://youtube.com/watch?v=c-WO73Dh7rY&feature=share,5
https://i.redd.it/2dxxkufqs26a1.jpg,36
https://v.redd.it/dpbubw0er26a1,15
https://v.redd.it/qz7lfbc6p26a1,109
https://i.redd.it/eq34edpvn26a1.jpg,16
https://i.imgur.com/hlRdeH8.jpg,22
https://i.redd.it/7ru5y7ozk26a1.jpg,0
https://i.redd.it/woa9nwza116a1.jpg,0
https://i.redd.it/e786fcdmw06a1.jpg,17
https://i.redd.it/46ardg5qu06a1.png,325
https://i.redd.it/tk0srh1dp06a1.jpg,2
https://i.redd.it/evk1wdnuo06a1.png,0
https://i.redd.it/jcjmvs3f526a1.jpg,1803
https://v.redd.it/1tdnewy6l06a1,38
https://i.redd.it/ryp512xa226a1.jpg,0
https://i.redd.it/idd0m3tyi06a1.jpg,448
https://i.redd.it/2jc80qr6t16a1.jpg,24
https://i.redd.it/h4k0x182t16a1.jpg,28
https://i.redd.it/mql3hrxhs16a1.jpg,169
https://i.imgur.com/gHF8zTD.jpg,8
https://v.redd.it/fydl8fvj306a1,0
https://i.redd.it/sdcmpe93k16a1.jpg,51
https://i.redd.it/bdprzon9106a1.jpg,13
https://i.redd.it/dk1cy7x5i16a1.jpg,28
https://i.redd.it/934etd80h16a1.jpg,25
https://i.redd.it/l19989xae16a1.jpg,0
https://i.redd.it/vyso1awrd16a1.jpg,66
https://i.redd.it/zbbfevzpd16a1.png,0
https://i.redd.it/7d8440j3d16a1.png,27
https://i.redd.it/1sb96z42c16a1.jpg,21
https://i.redd.it/nlubwjrdb16a1.png,60
https://youtube.com/watch?v=MkIj5X96vos&feature=shares,2
https://i.redd.it/m5xnaqgb616a1.jpg,45
https://i.redd.it/pb8ly0t6nz5a1.png,67
https://v.redd.it/sd28gqz0mz5a1,689
https://www.reddit.com/r/funny/comments/zmbqte/only_in_ohio/,2
https://i.redd.it/ddnjzyx5216a1.jpg,136
https://i.redd.it/01twewxu116a1.jpg,17
https://www.youtube.com/watch?v=bjE5WwACHgk,2
https://i.redd.it/0f11q8dhz06a1.jpg,232
https://i.redd.it/b2q78afyx06a1.jpg,32
https://www.reddit.com/r/funny/comments/zmb4l0/new_alexa_meets_two_toddlers/,2
https://i.redd.it/bm2wyhe7x06a1.jpg,0
https://i.imgur.com/jh4J0Gq.jpg,173
https://v.redd.it/fw1sxey7v06a1,44
https://i.redd.it/lxpjsfvqs06a1.jpg,21
https://v.redd.it/eg9oct7ms06a1,55
https://www.reddit.com/r/funny/comments/zm9qvt/scrotisserie_chicken/,0
https://i.redd.it/yb04bw55j06a1.jpg,251
https://i.redd.it/tj69lu8yg06a1.jpg,749
https://i.redd.it/5wbj7vfuwy5a1.png,679
https://i.redd.it/280fe7k7e06a1.jpg,43
https://v.redd.it/hsx4yfs5d06a1,1353
https://i.imgur.com/afKDZss.jpg,347
https://v.redd.it/6be9n28fa06a1,0
https://i.redd.it/8xgbh96x906a1.jpg,0
https://i.redd.it/v5x2nr2i906a1.jpg,0
https://i.redd.it/4uovhlr0xz5a1.jpg,0
https://i.redd.it/l9w2mp7wyz5a1.png,49
https://i.redd.it/ls88gur7506a1.jpg,53
https://i.redd.it/hkzmjkeoly5a1.jpg,64563
https://i.redd.it/nu9riava306a1.png,0
https://i.redd.it/0pgvxcjjly5a1.jpg,1480
https://i.redd.it/eq2dtpfw206a1.jpg,1412
https://i.imgur.com/0D7xDPH.jpg,32
https://i.redd.it/ch03kc1fwz5a1.jpg,33
https://v.redd.it/50t4e41zdy5a1,263
https://youtu.be/aVPJM_isdbE,5
https://i.redd.it/9stcaegv6y5a1.jpg,3
https://v.redd.it/f6e0zwt44y5a1,21
https://i.redd.it/tqmyxuujjz5a1.jpg,0
https://i.redd.it/d7vjysvtiz5a1.jpg,60
https://i.redd.it/a091mozriz5a1.jpg,15
https://i.redd.it/zye0f40sgz5a1.jpg,9
https://i.imgur.com/eBVkizU.jpg,585
https://i.redd.it/x0fp73tjxx5a1.jpg,5
https://i.redd.it/9i4b5n8mez5a1.jpg,114
https://i.redd.it/prx0ob8bez5a1.jpg,6
https://i.redd.it/vai1okdaez5a1.jpg,224
https://i.redd.it/xe4bss31wx5a1.jpg,537
https://v.redd.it/sgv1ttm3vx5a1,83
https://v.redd.it/98ganf6ybz5a1,113
https://i.redd.it/3alrzbbptx5a1.jpg,318
https://v.redd.it/alkih4lebz5a1,0
https://i.imgur.com/eYNRyHp.jpg,0
https://youtu.be/Vs_fTFAOxQc,2
https://i.redd.it/t6jhjjyr9z5a1.jpg,770
https://i.redd.it/h2qw8hi4qx5a1.png,69
https://i.redd.it/jr5x1n2ypx5a1.jpg,28
https://i.redd.it/8im65jte6z5a1.jpg,639
https://i.redd.it/5q2o9t03ox5a1.jpg,52
https://v.redd.it/fgls2upqnx5a1,6610
https://i.redd.it/hg5cjr675z5a1.jpg,30
https://v.redd.it/ho4ic70gnx5a1,0
https://v.redd.it/spbn23gpax5a1,427
https://v.redd.it/5baqqep4mx5a1,25
https://v.redd.it/a01asfkj3z5a1,17
https://i.redd.it/8yt09vlkkx5a1.jpg,94
https://i.redd.it/9196g2luzy5a1.jpg,87
https://v.redd.it/6eypjfu7yy5a1,68
https://v.redd.it/gjp9xt5pfx5a1,225
https://i.redd.it/jzdiszqbxy5a1.jpg,7
https://v.redd.it/mpwi863vvy5a1,70
https://v.redd.it/dllhpwvrqy5a1,94
https://i.redd.it/wf3d9hpsny5a1.jpg,8
https://i.redd.it/ymvx920jky5a1.jpg,9
https://i.redd.it/y0250dwhiy5a1.jpg,6
https://i.redd.it/bzhd9j4dfy5a1.jpg,345
https://i.redd.it/u9eyw15bcx5a1.jpg,218
https://www.reddit.com/r/funny/comments/zlzbvc/my_friend_today/,0
https://i.redd.it/514byy30dy5a1.jpg,1
https://www.reddit.com/r/funny/comments/zlz6al/tell_me_something_from_your_childhood_that_still/,36
https://i.redd.it/g7veyre7ay5a1.jpg,562
https://i.redd.it/bkvef20r7y5a1.jpg,3477
https://i.redd.it/19ybd6d47y5a1.jpg,0
https://i.redd.it/h8yinmcx6y5a1.jpg,5228
https://i.redd.it/r0li1qpd6y5a1.jpg,14
https://i.redd.it/ga9hd2gp3y5a1.jpg,116
https://i.redd.it/ziapk5ua1y5a1.jpg,44
https://i.redd.it/qccg7k4nyx5a1.jpg,25440
https://v.redd.it/kpl3u75yxx5a1,189
https://i.redd.it/120rhabnew5a1.png,336
https://i.redd.it/83m3w0rdew5a1.jpg,11
https://i.redd.it/wt46nsq6dw5a1.jpg,24
https://i.redd.it/vsr3c6d2ux5a1.jpg,11580
https://i.redd.it/hsl0kunetx5a1.jpg,24
https://i.redd.it/54wnzo3tbw5a1.png,626
https://i.redd.it/0iseq64hbw5a1.png,2422
https://i.redd.it/xulbwogkpx5a1.jpg,0
https://v.redd.it/rg36pudl6w5a1,67
https://i.redd.it/kqpihb0tjx5a1.jpg,25
https://i.redd.it/7verjsryhx5a1.jpg,49
https://v.redd.it/di8a78yugx5a1,48
https://i.redd.it/gjnky27iyv5a1.jpg,7433
https://i.redd.it/1hy51uwmwv5a1.png,950
https://i.redd.it/uk3xfsz1cx5a1.jpg,0
https://i.redd.it/ry9t5k6arv5a1.jpg,25
https://imgur.com/a/f3jYwuh,0
https://i.redd.it/c4uf7w5t6x5a1.jpg,14
https://i.redd.it/0l1lc92sov5a1.jpg,2624
https://i.redd.it/d62yh20a6x5a1.jpg,29
https://i.redd.it/jlnk1c1gnv5a1.png,362
https://i.redd.it/f6w9weiklv5a1.jpg,813
https://i.redd.it/x3wpp12n2x5a1.jpg,53
https://v.redd.it/4t6ektsvjv5a1,159
https://i.redd.it/uztokg5zzw5a1.jpg,118
https://i.redd.it/ghj9b066gv5a1.png,86
https://i.redd.it/f3yt8l18ww5a1.jpg,55
https://i.redd.it/yf1r0gdgdv5a1.jpg,2
https://i.redd.it/9fjj1y947v5a1.jpg,12
https://v.redd.it/1iu5gjd1ow5a1,22706
https://v.redd.it/jwutxrqolw5a1,2108
https://i.redd.it/fs6jcv522v5a1.jpg,47
https://i.redd.it/yzppjlf11v5a1.png,26
https://v.redd.it/5lvs9x1vzu5a1,56
https://i.redd.it/eqagl76mzu5a1.png,11912
https://i.redd.it/let4s75huu5a1.jpg,0
https://i.redd.it/dc73jhtquu5a1.png,992
https://v.redd.it/upd44x774w5a1,6635
https://i.redd.it/t5pryg8vmg5a1.jpg,0
https://v.redd.it/255pmozqlu5a1,1658
https://i.redd.it/9rwtuau7wv5a1.jpg,0
https://v.redd.it/j68rcrxabu5a1,83
https://i.redd.it/pk7zqwftau5a1.jpg,13
https://youtu.be/_YrU-uiSP-M,0
https://v.redd.it/kf37vwc23u5a1,157
https://youtu.be/b7cWI6qhWFo,0
https://i.redd.it/71v86gfziv5a1.jpg,596
https://v.redd.it/zi5glygybv5a1,597
https://youtu.be/AcVFtu-ZmmM,0
https://youtu.be/O1qsluCGP6E,28
https://i.redd.it/adpwzo7not5a1.jpg,35
https://v.redd.it/oi94sl86ht5a1,272
https://i.redd.it/marp80mexu5a1.png,14
https://www.youtube.com/watch?v=qL4-E53Ed58,8
https://v.redd.it/nm892182vu5a1,5394
https://v.redd.it/rmnmclf99t5a1,1024
https://youtu.be/wa1tkzTiyn0,0
https://i.redd.it/h130iqe9lu5a1.jpg,44
https://i.redd.it/0mi3iodtgu5a1.jpg,35830
https://v.redd.it/ewimafabys5a1,867
https://imgur.com/gallery/hf2dL,10
https://i.redd.it/6sdd2ywueu5a1.jpg,0
https://www.reddit.com/r/funny/comments/zlinad/ocd/,0
https://i.redd.it/lq30t0m17u5a1.jpg,9
https://i.imgur.com/EJtw1hJ.jpg,80
https://i.redd.it/k9oux93xxt5a1.jpg,141
https://i.redd.it/7b2yo80jut5a1.jpg,150
https://v.redd.it/bl62iqffcs5a1,165
https://v.redd.it/4tzntb1oas5a1,75
https://youtu.be/hLTkJiae20o,0
https://i.redd.it/bgv1avx7st5a1.jpg,0
https://i.redd.it/9uq2jedqrt5a1.jpg,309
https://v.redd.it/ttoom1or8s5a1,151
https://i.redd.it/od6rl57fmt5a1.jpg,0
https://i.imgur.com/T8Ep9HR.jpg,44
https://i.redd.it/kndwd88fkt5a1.jpg,1374
https://v.redd.it/o81rt0k72s5a1,95
https://i.redd.it/vvgvtyxtit5a1.jpg,1698
https://www.reddit.com/r/funny/comments/zlf5ch/shit_buddies/,0
https://i.redd.it/dlxptbl7it5a1.jpg,55
https://v.redd.it/avd3bm8ugt5a1,0
https://i.redd.it/cibbekuyyr5a1.jpg,39
https://i.redd.it/e7a7e4h2ft5a1.jpg,63
https://i.redd.it/4z5cmvxhet5a1.jpg,9
https://i.imgur.com/6InPtVW.jpg,57
https://v.redd.it/u1cvx3niwr5a1,474
https://www.youtube.com/watch?v=sYYAwodUI8M&lc=UgytMM78WPwRK6BB3lR4AaABAg.9hOFpgf8OQ-9hr0mytYNkv,0
https://i.redd.it/5byauasybt5a1.jpg,3533
https://i.redd.it/4l6wcr25ur5a1.jpg,3
https://i.redd.it/hw1jjuqvat5a1.jpg,8040
https://v.redd.it/nhlqlfuiat5a1,3
https://youtu.be/DawLfZXYU_M,0
https://i.redd.it/vuausfwq6t5a1.png,13
https://i.redd.it/oy36pidsnr5a1.jpg,113
https://i.redd.it/0ia7d9c54t5a1.jpg,47
https://v.redd.it/no9f3y0jir5a1,1385
https://i.redd.it/c6oyl5obgr5a1.jpg,241
https://i.redd.it/2pkebw9lvs5a1.jpg,17
https://i.redd.it/1f29dp9zts5a1.jpg,20
https://i.redd.it/nerq4hjcqs5a1.jpg,36894
https://i.redd.it/tturic6uks5a1.jpg,25
https://i.redd.it/a6rcrftkks5a1.jpg,8
https://i.redd.it/fqzb7ru1js5a1.jpg,50
https://v.redd.it/8xiywxzm0r5a1,23874
https://www.reddit.com/r/funny/comments/zlaetu/my_friend_died_because_i_couldnt_remember_his/,0
https://i.redd.it/ih0m157zgs5a1.jpg,14
https://i.redd.it/cmuj3dldfs5a1.jpg,34
https://neighbors.ring.com/n/ZAr371Grsj,2
https://v.redd.it/x88c5d3lds5a1,0
https://i.imgur.com/BphI34V.jpg,0
https://v.redd.it/nrfywx1atq5a1,19
https://www.reddit.com/r/funny/comments/zl9by6/first_rule_of_fart_club_is_not_to_speak_about/,0
https://i.redd.it/zdoggehk9s5a1.jpg,4
https://i.imgur.com/MFuvcfj.jpg,325
https://i.redd.it/trihxvhy7s5a1.jpg,50
https://www.reddit.com/r/funny/comments/zl8o7v/no_more_taking_meds_without_glasses/,0
https://i.imgur.com/RoBqifa.jpg,17
https://i.redd.it/oul14ue34s5a1.jpg,67
https://i.redd.it/uxdojgca1s5a1.jpg,22
https://i.redd.it/phq1njbm0s5a1.png,15
https://i.redd.it/qmqetpeliq5a1.jpg,0
https://i.redd.it/5m30w2fchq5a1.jpg,7
https://i.redd.it/wl0jase6yr5a1.jpg,244
https://v.redd.it/gymu7avagq5a1,6578
https://i.redd.it/mjabkg9nxr5a1.jpg,2131
https://v.redd.it/8o00z9anwr5a1,66
https://v.redd.it/52o9ox5sdq5a1,18
https://i.redd.it/1zobzg5seq5a1.png,0
https://v.redd.it/0s9ve0uibq5a1,11
https://i.redd.it/x75wkzahdq5a1.jpg,110
https://i.redd.it/kfl27et6ur5a1.jpg,105
https://i.redd.it/kz3rbcq8bq5a1.png,12
https://i.imgur.com/YS3QMZw.jpg,55
https://v.redd.it/su4o11qj8q5a1,0
https://v.redd.it/evys8vgh8q5a1,7470
https://i.redd.it/2061r3wlpr5a1.jpg,50
https://i.redd.it/o30a1xd7or5a1.jpg,15
https://i.redd.it/0ay0zuuilr5a1.jpg,1306
https://v.redd.it/jy7zs2si2q5a1,22958
https://i.redd.it/wl6j9xlpjr5a1.jpg,120
https://i.redd.it/mpdkisdijr5a1.jpg,0
https://www.reddit.com/r/funny/comments/zl4xws/a_dark_joke/,24
https://www.reddit.com/r/funny/comments/zl4xre/my_dad_broke_the_pole_in_his_room/,0
https://v.redd.it/lskgxv7bxp5a1,57
https://i.redd.it/3li44ehrdr5a1.jpg,48
https://i.redd.it/394w0ra6up5a1.jpg,48
https://v.redd.it/8299jr36up5a1,695
https://imgur.com/KUxxZ1p.jpg,36
https://v.redd.it/z5thr5zmsp5a1,66
https://v.redd.it/suukko0xqp5a1,13
https://v.redd.it/846dxzkhqp5a1,312
https://v.redd.it/82kiifza7r5a1,1582
https://i.redd.it/i5gktwqwop5a1.png,17
https://v.redd.it/2dqr50xmnp5a1,1271
https://i.redd.it/hlr8j6nb5r5a1.jpg,0
https://i.redd.it/1rv8tnts4r5a1.jpg,84
https://v.redd.it/kei3t1yemp5a1,113
https://v.redd.it/wre8osdmlp5a1,11
https://www.reddit.com/r/funny/comments/zl2to8/nuclear_fusion_ignition_explainer/,0
https://i.redd.it/2mno2zde1r5a1.jpg,107
https://i.redd.it/0ph0brwdxq5a1.jpg,13365
https://i.redd.it/20rhdu0axq5a1.jpg,248
https://i.redd.it/8ovqfazvuq5a1.jpg,97
https://v.redd.it/99lgw0xmbp5a1,4346
https://i.redd.it/lbg35pmftq5a1.jpg,19
https://i.redd.it/xmdx893dtq5a1.jpg,11
https://i.redd.it/ffxfbbzcap5a1.jpg,9797
https://v.redd.it/d5iyl55wpq5a1,100
https://youtube.com/watch?v=GODXSL3WRls&feature=share,0
https://i.imgur.com/RQ73w6h.jpg,14857
https://i.redd.it/ut7m6mda6p5a1.png,14
https://v.redd.it/5j2s5maamq5a1,75904
https://youtu.be/tQEsLnDODAA,0
https://www.reddit.com/r/funny/comments/zl07hu/i_had_chatgpt_rewrite_the_lyrics_to_the_annoying/,0
https://i.redd.it/jcv4n8fdiq5a1.jpg,113
https://i.redd.it/0w1uc4d9eq5a1.jpg,7
https://i.redd.it/a1l2g2owdq5a1.jpg,0
https://i.redd.it/otgexe2v9q5a1.jpg,8
https://i.redd.it/exvje3ge9q5a1.jpg,10
https://i.redd.it/z8l97v8y6q5a1.jpg,11
https://v.redd.it/rxbgzoe8po5a1,2752
https://v.redd.it/eh41goc5po5a1,259
https://v.redd.it/b8uat4xe4q5a1,23
https://i.redd.it/ejv53svrlo5a1.jpg,94
https://i.redd.it/2t7ovlk32q5a1.jpg,61
https://i.redd.it/6cnz1342io5a1.png,0
https://v.redd.it/jj7scuvhzp5a1,502
https://i.redd.it/dz6qf7t1zp5a1.jpg,16
https://v.redd.it/9jnj5u5atp5a1,131
https://i.redd.it/doc9egucbo5a1.png,6
https://v.redd.it/66doyzsc9o5a1,57
https://i.redd.it/gzg4cycvqp5a1.jpg,111
https://i.imgur.com/ySw13ge.jpg,2015
https://i.redd.it/flwkdrd5ip5a1.jpg,41
https://i.redd.it/r36kzxd7fp5a1.jpg,9
https://v.redd.it/ucqny4o1vn5a1,55
https://i.redd.it/foyjqiyi5p5a1.jpg,2448
https://i.redd.it/dcij90t3mn5a1.jpg,119433
https://v.redd.it/dpriv7lrzk5a1,534
https://v.redd.it/huqxgzwwbl5a1,71
https://youtube.com/clip/UgkxE0beaLJLl5C-l6J8Dg1Lmo34_qk1ra97,0
https://v.redd.it/gzq6spuibo5a1,169
https://v.redd.it/mtye09m3tm5a1,1275
https://v.redd.it/vni4xikp7o5a1,47
https://i.redd.it/dppexgxy6o5a1.jpg,5
https://i.redd.it/6270fyah0o5a1.jpg,8
https://i.redd.it/peqnpko8xn5a1.jpg,53
https://v.redd.it/826dxv6afm5a1,175
https://i.redd.it/kp3m1j7mtn5a1.png,49
https://i.redd.it/2na6dfkipn5a1.jpg,288
https://i.redd.it/jpj5z2t0in5a1.jpg,15015
https://i.redd.it/twn7z23whn5a1.jpg,34
https://www.reddit.com/r/funny/comments/zkoh5e/messi_and_vector/,0
https://i.redd.it/rjowlhc7dn5a1.jpg,120
https://v.redd.it/5tk57b8i9n5a1,5249
https://imgur.com/nuaf73E,39
https://i.redd.it/2jd4zwvm6n5a1.gif,21
https://v.redd.it/itwob89ool5a1,26
https://i.redd.it/nyq0fh5nnl5a1.jpg,13
https://i.redd.it/nauu1nub4n5a1.jpg,21
https://i.redd.it/3xojjzprym5a1.jpg,64
https://v.redd.it/oxoyx2ztxm5a1,2930
https://youtu.be/wckZNnC8zkc,3
https://i.redd.it/9skhxf4jum5a1.jpg,3
https://i.redd.it/kyj8npbfrm5a1.jpg,186
https://i.redd.it/lghuxvpslm5a1.jpg,611
https://i.redd.it/wi419ox14l5a1.jpg,28
https://i.redd.it/fdqlb5welm5a1.jpg,15
https://i.redd.it/8runkbc7em5a1.jpg,8
https://i.redd.it/987dtgbbbm5a1.jpg,0
https://i.redd.it/6sdxuc1s8m5a1.jpg,3
https://i.redd.it/agcz2b5q8m5a1.jpg,43
https://www.zillow.com/homedetails/1700-El-Camino-Real-18-01-South-San-Francisco-CA-94080/2060430168_zpid/,3
https://i.redd.it/0f3vzwlbpk5a1.gif,0
https://v.redd.it/l549emxj5m5a1,2205
https://i.redd.it/elpo0udd5m5a1.jpg,69
https://i.redd.it/8pnr6tsq4m5a1.jpg,193
https://imgur.com/2ECqF5S.jpg,12
https://i.redd.it/z63ksxqr1m5a1.jpg,125
https://i.redd.it/zoe85die1m5a1.jpg,23
https://i.redd.it/1yagxr86xl5a1.jpg,8767
https://v.redd.it/vuazey4oul5a1,66
https://v.redd.it/xsqdg0ahak5a1,3
https://youtu.be/WeoK7rHHQp4,0
https://i.redd.it/8c1islgxol5a1.jpg,60
https://v.redd.it/pj9hs8no6k5a1,68
https://youtu.be/sqqRGqcnnN4,0
https://i.redd.it/dzr0igtwnl5a1.jpg,1467
https://i.redd.it/lxoqt36vml5a1.jpg,151
https://i.redd.it/w5qbx3okml5a1.jpg,23
https://i.imgur.com/cHjpFr1.jpg,44
https://v.redd.it/miyz8yftjl5a1,234
https://www.reddit.com/r/funny/comments/zkfne0/christmas_gift/,0
https://i.redd.it/32xfbbn4fl5a1.jpg,5
https://i.redd.it/mhl55h88cl5a1.jpg,37
https://v.redd.it/o3ravz90uj5a1,218
https://i.imgur.com/Z1utzNx.jpg,15
https://i.redd.it/6v14d98i9l5a1.jpg,8
https://i.redd.it/r48afz4s4l5a1.jpg,323
https://i.redd.it/qol48j5w2l5a1.jpg,165
https://v.redd.it/d2m7i1y9kj5a1,0
https://i.imgur.com/FgvBy8Y.gifv,13000
https://v.redd.it/7obbhucjfj5a1,0
https://i.redd.it/gglb86tqwk5a1.png,6243
https://i.redd.it/1n4pzsnkvk5a1.jpg,0
https://v.redd.it/unzwl37g8j5a1,69
https://v.redd.it/m04x8amink5a1,71
https://i.imgur.com/DCskW24.jpg,105
https://i.redd.it/g4bx9hxa3j5a1.jpg,35
https://i.redd.it/2ub5ff8xji5a1.jpg,180
https://www.youtube.com/watch?v=CKCFVZUFBXg,7
https://v.redd.it/51nsqnvgwi5a1,16
https://v.redd.it/f9beunixdk5a1,12611
https://i.redd.it/10wrbc0wck5a1.jpg,0
https://i.redd.it/q7cqhu3uck5a1.jpg,809
https://www.reddit.com/r/funny/comments/zk9fp0/im_in_10th_grade_for_some_form_thing_my_teacher/,0
https://i.redd.it/ocn45zppbk5a1.jpg,479
https://v.redd.it/442qii6fti5a1,210
https://i.redd.it/phkjah03ak5a1.jpg,85
https://www.youtube.com/watch?v=nJT_kmBg-oU&ab_channel=Arcangelion,13
https://i.redd.it/2z26zpn15k5a1.jpg,95
https://i.redd.it/3i2knmi1ki5a1.jpg,0
https://i.redd.it/ixny879izj5a1.jpg,4
https://www.reddit.com/r/funny/comments/zk7cif/action_figure_manger/,0
https://i.redd.it/rlc0qkbdzj5a1.jpg,9
https://i.imgur.com/c4Nv1Kt.jpg,10
https://v.redd.it/6emqbfvbhi5a1,5
https://i.redd.it/q7tf3lxsgi5a1.jpg,7716
https://i.redd.it/n6tw467ngi5a1.png,2112
https://i.redd.it/53r1uvcruj5a1.jpg,61
https://i.redd.it/16m92viitj5a1.jpg,1806
https://i.redd.it/pavxvn2vrj5a1.jpg,107
https://i.redd.it/0i9d94c5lj5a1.jpg,1516
https://streamable.com/9sk9s2,9
https://v.redd.it/4m8g5km1gj5a1,1432
https://i.imgur.com/zDniSGB.jpg,5472
https://v.redd.it/zajzzmx7ej5a1,15
https://i.imgur.com/07A2qd7.jpg,41
https://i.redd.it/tk0ft46daj5a1.jpg,70
https://i.redd.it/l2itc44crh5a1.jpg,62
https://i.redd.it/69xaguhdph5a1.jpg,3215
https://v.redd.it/5fqyrybw5j5a1,146
https://www.reddit.com/r/funny/comments/zk2n6a/im_a_better_arteest_while_trippin_dont_ask_what/,1
https://i.redd.it/f7uzu4mp4j5a1.jpg,27199
https://i.redd.it/6c8gqfhv2j5a1.jpg,47
https://i.redd.it/vkr928gr2j5a1.png,21
https://i.redd.it/li3x0pdk2j5a1.jpg,50
https://i.redd.it/y2h1mxqb2j5a1.jpg,8
https://i.redd.it/eut4lqu32j5a1.jpg,278
https://i.redd.it/5ily5k9f0j5a1.jpg,12
https://i.redd.it/5l4tfo470j5a1.jpg,0
https://i.redd.it/bnggdt0jzi5a1.png,61104
https://v.redd.it/3u2b804teh5a1,8
https://v.redd.it/erj3re4bdh5a1,173
https://i.redd.it/ow30x66pti5a1.jpg,5
https://i.redd.it/ovx8fqbppi5a1.png,44
https://i.redd.it/p8lfj8pfpi5a1.jpg,162
https://i.redd.it/hyamocndpi5a1.jpg,12
https://i.imgur.com/o5vFbS8.jpg,1438
https://i.redd.it/btt0x9v0oi5a1.jpg,32
https://i.imgur.com/fv9256m.jpg,5
https://v.redd.it/ru6gf4xe2h5a1,455
https://i.redd.it/ca0szbpczg5a1.jpg,29
https://v.redd.it/n0051wj5yg5a1,43313
https://v.redd.it/jp6sr418fi5a1,184
https://i.redd.it/hc2zblnrvg5a1.jpg,96
https://i.redd.it/46iw1blfbi5a1.jpg,11
https://i.redd.it/z4gwswoh9i5a1.jpg,0
https://i.imgur.com/4MexyKv.jpg,407
https://i.redd.it/asetbw4e8i5a1.jpg,14
https://i.redd.it/s2r55b511i5a1.jpg,350
https://i.redd.it/2xavdt1sig5a1.jpg,423
https://v.redd.it/fnicyoczhg5a1,451
https://i.imgur.com/3YF91QS.jpg,157
https://www.reddit.com/r/funny/comments/zjwwum/there_is_a_festival_in_nepal/,1
https://i.imgur.com/4wwnlW1.jpg,1752
https://i.redd.it/yfmh8g9zth5a1.jpg,364
https://i.redd.it/wpplttebwf5a1.jpg,137
https://i.redd.it/qmi6bb0kvf5a1.png,2
https://youtu.be/bIUNGk7t8XQ,5
https://i.redd.it/mu8o502ryg5a1.jpg,18
https://i.redd.it/0xgpc9boxg5a1.jpg,54
https://i.redd.it/scgr9m9exg5a1.jpg,14
https://i.redd.it/m39w46cwwg5a1.jpg,11
https://youtu.be/tmyUMjrCxa8,0
https://i.redd.it/2qw1vinqqg5a1.jpg,33
https://i.redd.it/wium3tmbpf5a1.jpg,89
https://v.redd.it/pph4g1pxdg5a1,130
https://www.reddit.com/r/funny/comments/zjpg9x/true_story_viagra_lowers_the_risk_of_alzheimers/,14
https://i.redd.it/x0vjntdi8g5a1.jpg,352
https://i.redd.it/lgtxhmsuoe5a1.jpg,3
https://i.redd.it/63w6adxine5a1.png,16
https://i.redd.it/65rd2xr25g5a1.jpg,2554
https://i.redd.it/rtvww52a0g5a1.jpg,13
https://i.redd.it/5bj0grezzf5a1.jpg,16
https://i.redd.it/luhlhc1zxf5a1.jpg,40
https://i.redd.it/qt5rtdplvf5a1.jpg,113
https://i.redd.it/nsv1ikezce5a1.jpg,9
https://youtu.be/bvc0tYvqxuA,0
https://i.redd.it/o79ylgmcif5a1.jpg,35
https://i.redd.it/81xxtdwsgf5a1.jpg,689
https://i.redd.it/zyfqid93gf5a1.jpg,98
https://v.redd.it/phagal3rff5a1,0
https://i.redd.it/j9sdhd9wdf5a1.jpg,26
https://i.redd.it/2qmind4bwd5a1.jpg,1697
https://v.redd.it/ymrpgmsdvd5a1,1541
https://i.redd.it/u3wzfo9hcf5a1.jpg,136
https://v.redd.it/dcb9vyg2cf5a1,679
https://v.redd.it/ki2xwsmgaf5a1,35
https://i.redd.it/kfhhnr9o9f5a1.png,109
https://i.imgur.com/gGDd4gR.jpg,0
https://i.redd.it/ip1qmmtosc5a1.jpg,16
https://i.redd.it/c8fjf699vb5a1.png,0
https://i.redd.it/v6hevxbd6f5a1.jpg,0
https://v.redd.it/h7z6tvj36d5a1,63
https://i.redd.it/49ttpy5e0f5a1.jpg,89158
https://www.reddit.com/r/funny/comments/zjis1a/as_im_getting_older_im_starting_to_like_my_beard/,2
https://v.redd.it/zzmuhtapwe5a1,15619
https://v.redd.it/qgkla0a5ve5a1,253
https://i.imgur.com/GidRr8b.jpg,19768
https://i.redd.it/bnbokqopte5a1.jpg,75
https://i.redd.it/oz301lpuse5a1.jpg,53
https://v.redd.it/uuqlr2udpe5a1,199
https://i.redd.it/1k0svvrzle5a1.jpg,0
https://i.redd.it/3w10f3r24d5a1.jpg,7
https://i.redd.it/w8ekwip24d5a1.png,1810
https://i.redd.it/w4vcwwjyie5a1.jpg,26
https://v.redd.it/arjxe8kb0d5a1,1546
https://i.redd.it/qz5puv89he5a1.jpg,125
https://i.redd.it/uqakb5ivee5a1.jpg,13
https://v.redd.it/kdhmaeekvc5a1,59
https://i.redd.it/1rsuo7i9ce5a1.jpg,0
https://i.redd.it/vfzytnatbe5a1.jpg,5
https://i.redd.it/rncfzhdspc5a1.jpg,166
https://i.redd.it/9enkm9wgpc5a1.jpg,20
https://i.redd.it/8s3i252a3e5a1.jpg,159
https://i.redd.it/3gptz9cglc5a1.jpg,0
https://v.redd.it/r23zfzxrjc5a1,34
https://i.redd.it/awfiqkzeyd5a1.jpg,69
https://i.redd.it/m2o5g6jdwd5a1.jpg,42
https://v.redd.it/x0b1djtlcc5a1,221
https://i.redd.it/w7tlbuxlrd5a1.jpg,2
https://i.redd.it/5vrfwgobrd5a1.jpg,17
https://i.redd.it/smacughyqd5a1.jpg,505
https://i.redd.it/6otgkqaaqd5a1.jpg,0
https://youtu.be/5dv4ZNfmI6g,0
https://i.redd.it/cg25b5xknd5a1.jpg,0
https://www.reddit.com/r/funny/comments/zj9ist/seagulls_and_the_chicken/,0
https://i.redd.it/bvy7ldn9md5a1.jpg,150
https://i.redd.it/vz1c84pzld5a1.jpg,2
https://i.redd.it/rclje60d3c5a1.jpg,5
https://v.redd.it/o201nh0z2c5a1,4873
https://i.imgur.com/5UKdk0Y.jpg,39
https://i.redd.it/5th5i0w81c5a1.jpg,24
https://i.redd.it/ok8acl79id5a1.jpg,11
https://i.redd.it/31y3i8b4id5a1.jpg,311
https://i.redd.it/2gjujet5zb5a1.png,73
https://i.redd.it/8mxogwcafd5a1.png,1
https://i.redd.it/gd442346ed5a1.jpg,48
https://v.redd.it/qi9n86hzvb5a1,1072
https://i.redd.it/x5t64s51cd5a1.jpg,12
https://i.redd.it/rzuk9sftbd5a1.jpg,13
https://i.redd.it/072jtp8a9d5a1.jpg,8683
https://i.imgur.com/vzQ8eNv.jpg,269
https://v.redd.it/nttdvm008d5a1,4186
https://i.imgur.com/QbD7DLT.jpg,16
https://i.redd.it/7c0y5f495d5a1.jpg,16
https://i.redd.it/ttmc7kptkb5a1.png,260
https://i.redd.it/og8ktvex1d5a1.png,1
https://i.redd.it/ry77s6cu0d5a1.jpg,5
https://i.imgur.com/KlPELzo.jpg,0
https://i.redd.it/0gv72pwovc5a1.jpg,6
https://i.redd.it/r4t0p2kwsc5a1.jpg,1612
https://i.imgur.com/1ymx4ph.jpg,7
https://i.redd.it/rx4r3a0frc5a1.jpg,0
https://i.imgur.com/k3wH3fE.jpg,15
https://i.redd.it/cdg3fb7s7b5a1.jpg,48998
https://v.redd.it/v0gyu9r67b5a1,22
https://i.redd.it/b40n2ao7pc5a1.jpg,119
https://v.redd.it/qyp6fmff7b5a1,110
https://i.redd.it/mpfgwmexoc5a1.jpg,18
https://www.reddit.com/r/funny/comments/zj1rx7/what_are_your_favourite_and_harmless_pranks/,0
https://v.redd.it/p0shyig73b5a1,261
https://youtu.be/NQ5AsMkku3w,2
https://i.redd.it/9422v91kjc5a1.jpg,2
https://i.redd.it/13y3mlnd1b5a1.png,11
https://i.redd.it/gok2m7klhc5a1.jpg,32
https://i.redd.it/1emmhcdiza5a1.jpg,164
https://i.redd.it/w9qdgr7zya5a1.png,62
https://i.redd.it/m45tdyw4fc5a1.jpg,2682
https://i.redd.it/txcw1is7va5a1.png,255
https://i.redd.it/9ahz08z9va5a1.png,519
https://i.redd.it/s91orv6icc5a1.jpg,2268
https://i.redd.it/pvzw2iufua5a1.jpg,71
https://www.reddit.com/r/funny/comments/ziygzw/the_real_reason_i_watch_hotel_hell/,0
https://i.redd.it/17hliwmsoa5a1.jpg,21
https://i.redd.it/v0dpodj76c5a1.png,62
https://i.redd.it/bzxdj76x3c5a1.jpg,1118
https://i.redd.it/23jjcoxt3c5a1.jpg,6
https://i.imgur.com/cuxC6iD.jpg,86130
https://i.redd.it/7y1e0aow0c5a1.jpg,12
https://i.redd.it/95jhdc7d0c5a1.jpg,66
https://i.redd.it/zutguwt40c5a1.jpg,1025
https://i.redd.it/1wyhj8bpyb5a1.jpg,30
https://i.redd.it/ykjyp1e4ga5a1.png,116
https://i.redd.it/lk3ramckvb5a1.jpg,10
https://i.redd.it/is3vdn0nda5a1.jpg,151
https://i.redd.it/eczqbgbltb5a1.jpg,67
https://i.redd.it/102zb674tb5a1.jpg,6
https://www.reddit.com/r/funny/comments/zivkzc/dating_back_then/,2
https://v.redd.it/8zfh9om47a5a1,107
https://i.redd.it/kz8wnhkd7a5a1.png,68
https://i.redd.it/v1pjoois2a5a1.jpg,8518
https://i.redd.it/dl6xwg0cjb5a1.jpg,25
https://i.redd.it/mfmei9yvib5a1.jpg,330
https://i.redd.it/cem2lgdxx95a1.png,35
https://i.redd.it/t408osgldb5a1.png,9
https://i.redd.it/sxuy3y1es95a1.jpg,40
https://i.redd.it/ora7uhbop95a1.jpg,2177
https://i.redd.it/9y3zb22a7b5a1.jpg,42
https://i.redd.it/9p51ohk47b5a1.jpg,285
https://v.redd.it/edf5y02zn95a1,0
https://i.redd.it/i3k5yo62l95a1.jpg,79
https://i.redd.it/qtalj780j95a1.jpg,622
https://i.redd.it/h9b1lhgeya5a1.jpg,38
https://v.redd.it/ra98ttvfe95a1,779
https://i.redd.it/zoajzhd1wa5a1.jpg,59
https://v.redd.it/xc2x0hzeva5a1,9365
https://i.redd.it/43jzwj2yua5a1.jpg,71
https://i.redd.it/ocjmj798b95a1.jpg,496
https://i.redd.it/xirhy4ir395a1.jpg,59
https://v.redd.it/mnfb9ycnka5a1,11
https://i.redd.it/mcpy81eix85a1.jpg,123
https://i.redd.it/0wcxl80gr85a1.png,0
https://v.redd.it/n4zh5kk1q85a1,211
https://i.redd.it/eoa7qmvsg75a1.jpg,11
https://i.redd.it/hoa4wg9s295a1.jpg,17
https://i.redd.it/rxq35qvs5a5a1.jpg,137
https://v.redd.it/71jgurahj85a1,321
https://i.redd.it/gpqo5kudx95a1.jpg,0
https://i.redd.it/1eu9efibx95a1.png,3975
https://i.redd.it/g77rsx3sl95a1.jpg,1
https://i.redd.it/0su54w5r085a1.png,0
https://i.imgur.com/4yEqpr5.jpg,110
https://i.redd.it/ixkapmhhf95a1.jpg,21
https://i.redd.it/reox9i2a995a1.jpg,43
https://i.imgur.com/BsSJIJ3.jpg,29
https://i.redd.it/20gi0oy9295a1.jpg,8
https://i.redd.it/fyvsf1ul095a1.jpg,238
https://i.redd.it/n2b7cwk4095a1.jpg,11
https://i.redd.it/s27pfa27z85a1.jpg,657
https://www.reddit.com/r/funny/comments/zig3wv/joke_1/,16
https://v.redd.it/ckiss1qja75a1,187
https://i.redd.it/469e5guir85a1.jpg,0
https://youtube.com/clip/Ugkx8t-tzp8FQk4dcgXKWOlQ-Sbb3gbJSqDZ,3
https://youtu.be/EDtAMXyfI-o,2
https://i.redd.it/7j3wzkw6m85a1.png,0
https://i.redd.it/8izrmvwzl85a1.jpg,102
https://i.redd.it/v9bito1ol85a1.jpg,14
https://v.redd.it/bqkfkvp2l85a1,496
https://v.redd.it/he8wfx31k85a1,66
https://v.redd.it/22yeamjtj85a1,0
https://v.redd.it/bjd7nnaiz65a1,0
https://i.redd.it/39ad9r6og85a1.jpg,9
https://i.redd.it/4xqt8qp3x65a1.jpg,146
https://v.redd.it/mduugtpuc85a1,1
https://v.redd.it/6dsn65uka85a1,0
https://i.redd.it/n7n49yxaa85a1.jpg,0
https://i.imgur.com/9vxnuPZ.jpg,454
https://i.redd.it/932xo7lv685a1.jpg,0
https://i.redd.it/ufoaug83485a1.jpg,91
https://www.reddit.com/r/funny/comments/zibaxm/onlinejrprody/,0
https://i.redd.it/m6g6r1rnz75a1.jpg,30
https://i.redd.it/p8n2gf41w75a1.jpg,447
https://i.redd.it/apawq5myv75a1.jpg,9
https://i.redd.it/l2m0q55fu75a1.jpg,49
https://i.redd.it/cirqs5ak965a1.jpg,7
https://i.redd.it/mf1ez30kp75a1.jpg,218
https://youtu.be/FOuVnG7RAQw,0
https://www.reddit.com/r/funny/comments/zi9elb/my_3yo_still_sometimes_asks_me_to_check_his_ears/,6
https://i.redd.it/jz2bdlcyk75a1.jpg,66805
https://www.reddit.com/r/funny/comments/zi8tvz/well_to_tell_the_truth/,0
https://v.redd.it/hrcy4ncjh75a1,35
https://www.youtube.com/watch?v=er1wP1NO1Y0,7
https://i.redd.it/zfu69lfqg75a1.jpg,288
https://i.redd.it/rgjbp60nd75a1.jpg,26
https://i.redd.it/dkktiuprc75a1.jpg,22
https://i.redd.it/a8w5crwqc75a1.jpg,59
https://i.redd.it/mx8b13rzb75a1.jpg,96
https://imgur.com/ElD4SI6.jpg,782
https://v.redd.it/q5zoqnqw875a1,0
https://v.redd.it/vezjns8gr55a1,113
https://i.redd.it/zseij8d7875a1.jpg,1
https://i.redd.it/e45oba6cp55a1.jpg,10
https://i.imgur.com/loVKaYE.jpg,196
https://i.imgur.com/0PUORL0.jpg,691
https://i.redd.it/t6s195nl075a1.jpg,2503
https://v.redd.it/qdywcs7ld55a1,0
https://i.imgur.com/MlcNPvo.jpg,1268
https://i.redd.it/orodivftc55a1.jpg,0
https://v.redd.it/fecwtemp955a1,11
https://i.redd.it/0tev251l855a1.png,6
https://i.redd.it/0i0xixbvk65a1.jpg,42
https://v.redd.it/m0gjev2zf65a1,51
https://i.redd.it/sk6sqr14e65a1.jpg,48
https://imgur.com/ZMT8z8N,2173
https://i.redd.it/vowrjvf9d65a1.jpg,15
https://i.redd.it/n49cw8n1d65a1.jpg,4
https://i.imgur.com/3cQphhv.jpg,0
https://v.redd.it/5b4r9mf0b65a1,429
https://i.redd.it/elskyn6la65a1.jpg,0
https://www.msn.com/en-us/news/offbeat/cat-cleverly-escapes-enclosure/vi-AA146pSr,0
https://v.redd.it/waj5ry7qq45a1,177
https://i.imgur.com/MaTmXV6.jpg,10
https://i.redd.it/2ogkknty265a1.jpg,144
https://i.redd.it/ofhawfbk265a1.jpg,17
https://i.redd.it/zcgdh13mk45a1.jpg,20
https://v.redd.it/zwpkyuw6k45a1,506
https://i.redd.it/33imfrlr165a1.png,15
https://i.redd.it/qgpavtqci45a1.png,71
https://i.imgur.com/9xNqgsz.jpg,4
https://i.redd.it/rkkpdcyjx55a1.png,20
https://i.redd.it/zn6udz3lw55a1.jpg,14
https://i.redd.it/uqiyou7pd45a1.jpg,208
https://i.redd.it/koronduyc45a1.jpg,914
https://i.redd.it/obvd8zbir55a1.jpg,290
https://i.redd.it/sqmmsmb7q55a1.jpg,1316
https://i.redd.it/yfgb5gryn55a1.jpg,771
https://i.redd.it/9kbohsnkm55a1.jpg,21
https://i.redd.it/60rpdxqa445a1.jpg,0
https://i.imgur.com/5FsVqLK.jpg,54
https://i.redd.it/9sbha669l55a1.jpg,126
https://i.redd.it/a630np4ok55a1.jpg,81
https://i.redd.it/cexrwbt9k55a1.jpg,147
https://v.redd.it/31b8i4v8245a1,235
https://www.youtube.com/watch?v=uNz1qqm1xvU,1
https://v.redd.it/1q7pb7w8145a1,1185
https://i.redd.it/28juhbiti55a1.jpg,76
https://i.imgur.com/fuIcScm.jpg,57
https://i.redd.it/ugx6foy4i55a1.jpg,45
https://v.redd.it/8euqoe3py35a1,564
https://i.redd.it/b74cxg75g55a1.jpg,37
https://v.redd.it/yjtkkujmw35a1,428
https://i.redd.it/ovl21zbxb55a1.jpg,150
https://i.redd.it/kmfacd66a55a1.jpg,46
https://i.redd.it/ols4g4rxr35a1.png,16
https://v.redd.it/07hixlixr35a1,15
https://www.reddit.com/r/funny/comments/zhxkki/do_coffins_have_lifetime_guarantees/,0
https://www.youtube.com/watch?v=0kRAKXFrYQ4,0
https://www.reddit.com/r/funny/comments/zhxc99/why_dont_blind_people_bungee_jump/,9
https://i.redd.it/fvn35wh3p35a1.jpg,13331
https://youtu.be/e5s6c3XDtrw,0
https://i.redd.it/0ds3mzctn35a1.png,119
https://i.redd.it/x1qk41k3z45a1.jpg,6499
https://i.redd.it/sgctg4hdy45a1.jpg,20
https://v.redd.it/tifvscj5w45a1,175
https://i.imgur.com/NuXs0QX.jpg,492
https://i.redd.it/w3hczrpul45a1.jpg,12
https://i.redd.it/ajlpk6ndl45a1.jpg,18757
https://i.redd.it/qj0vfhtuk45a1.jpg,12
https://i.redd.it/21lhaao8b45a1.jpg,0
https://v.redd.it/z1feuox1f45a1,902
https://i.redd.it/pyfs8ni6e45a1.jpg,1227
https://i.redd.it/4pt4954vc45a1.jpg,60952
https://i.redd.it/covnaapxt25a1.jpg,7
https://i.redd.it/ey4h5meh745a1.jpg,11059
https://i.redd.it/h69in5hn645a1.jpg,76
https://i.imgur.com/50Mkzs6.jpg,88
https://v.redd.it/lyoz6et0m25a1,64
https://i.redd.it/fntnz9i7345a1.jpg,10
https://youtu.be/O0fbMTEKO4c,0
https://i.redd.it/e0pefk0f045a1.jpg,750
https://v.redd.it/vy96a8g3z35a1,61
https://i.redd.it/1tbpb9fjb25a1.jpg,0
https://i.redd.it/5q5maprtt35a1.jpg,49
https://www.reddit.com/r/funny/comments/zhq25p/thats_not_what_he_meant/,3
https://i.redd.it/o00dwdspu15a1.jpg,1910
https://www.reddit.com/r/funny/comments/zhnujr/the_most_ridiculous_thing_ive_ever_seen_at_the/,2
https://i.redd.it/1v19jn0ru25a1.jpg,112
https://i.redd.it/h4g4cakoj25a1.jpg,7
https://v.redd.it/4iqi6sreh25a1,1402
https://i.redd.it/pntzzs4ce25a1.jpg,134
https://v.redd.it/g9lq4sedc25a1,1243
https://v.redd.it/twktchu8a25a1,1915
https://youtu.be/Qy0ZzRrNx-A,0
https://youtu.be/IDxLedytMm0,0
https://i.redd.it/it9tn91q625a1.jpg,8
https://v.redd.it/g0s5cu7eo05a1,0
https://i.imgur.com/rtjmE4f.jpg,0
https://i.redd.it/88bgr2gg025a1.jpg,14
https://i.redd.it/8savkzqqp15a1.jpg,57
https://i.redd.it/tetav2p5r15a1.jpg,680
https://i.imgur.com/pbI5tdv.jpg,24
https://i.redd.it/lro3y41zk15a1.jpg,0
https://i.redd.it/ivet185wk15a1.jpg,1076
https://v.redd.it/nimghff7005a1,405
https://imgur.com/a/EpttHhS,14
https://i.redd.it/28v7w7r5a15a1.jpg,397
https://v.redd.it/zhamj1yjrz4a1,155
https://i.imgur.com/pm6d1NB.jpg,13
https://imgur.com/gallery/jvb0Vgx,10
https://i.imgur.com/CieYguC.jpg,0
https://v.redd.it/eonatkx6415a1,40
https://i.redd.it/az5cokde315a1.jpg,0
https://v.redd.it/0av0ohd5315a1,74
https://v.redd.it/jplmxcc3fz4a1,558
https://i.redd.it/8u8tnmu5w05a1.jpg,76482
https://v.redd.it/2ewncqn8ez4a1,4594
https://i.redd.it/7arsylgsv05a1.jpg,35
https://i.redd.it/eyudrgyav05a1.jpg,17
https://youtube.com/watch?v=kG1s1fdmsaM&feature=share,0
https://i.redd.it/nthxd9jfu05a1.jpg,1354
https://i.redd.it/x757jbwuf05a1.jpg,14
https://i.redd.it/zixurwusp05a1.jpg,41
https://v.redd.it/7za57lr77z4a1,126
https://v.redd.it/kfzmo02jo05a1,0
https://i.redd.it/h3wetrdeo05a1.jpg,67
https://i.redd.it/2di7dsqxn05a1.jpg,28
https://streamable.com/jsmtuu,45
https://i.redd.it/3uwowtram05a1.jpg,643
https://i.redd.it/3w528j3el05a1.jpg,42
https://www.reddit.com/r/funny/comments/zhf1mz/jelly_of_the_month/,8
https://i.redd.it/2lyiq1f3l05a1.jpg,117
https://i.redd.it/dd5vysh7k05a1.jpg,0
https://i.redd.it/vkuzg2r9k05a1.jpg,0
https://i.redd.it/pwckcuwd2z4a1.png,17
https://i.imgur.com/lKTH0nj.jpg,64
https://i.redd.it/x7awhpc9i05a1.png,8
https://i.redd.it/xybeucl20z4a1.jpg,0
https://i.redd.it/rnzw6em5g05a1.jpg,1642
https://i.redd.it/h3i7uc44f05a1.jpg,17
https://v.redd.it/5m31jqzle05a1,23
https://i.redd.it/expk64are05a1.jpg,17
https://i.redd.it/1kkzos2duy4a1.png,4
https://v.redd.it/kdsqvbkxqy4a1,19
https://i.redd.it/fi8tz1j9ny4a1.jpg,139
https://i.redd.it/u14caxma405a1.jpg,0
https://i.redd.it/is2y3spfky4a1.jpg,39
https://v.redd.it/y38hoivrhy4a1,1297
https://v.redd.it/wh0sggj7zz4a1,7330
https://i.redd.it/39o1kca6hy4a1.png,49
https://i.redd.it/3d3n4ov3xz4a1.jpg,28
https://www.reddit.com/r/funny/comments/zhbiyl/im_no_longer_virgin/,21
https://i.imgur.com/bROoYzn.jpg,23
https://i.redd.it/gz729h0nrz4a1.jpg,22
https://v.redd.it/pdwvxgcspz4a1,114
https://i.redd.it/y5j9lylvpz4a1.jpg,30
https://i.redd.it/0xmd3ukulz4a1.png,14
https://youtu.be/kWjVjfOem7Y,0
https://i.redd.it/f1cm1j1piz4a1.jpg,66
https://i.imgur.com/fdcQSZV.jpg,113
https://i.redd.it/z8r508enhz4a1.png,49
https://i.redd.it/xv88dcqahz4a1.jpg,459
https://www.reddit.com/r/funny/comments/zh9kwc/meters/,0
https://i.redd.it/h5dkalwcgz4a1.jpg,97
https://www.reddit.com/r/funny/comments/zh9ggj/what_do_you_call_an_emo_punk_band_from_mexico/,0
https://i.redd.it/yih60humxx4a1.jpg,51
https://i.redd.it/0g398pcdez4a1.jpg,184